yali0,yali1
YALI0_A00264g,YALI1_A00309g
YALI0_A01133g,YALI1_A01602g
YALI0_A02310g,YALI1_A02775g
YALI0_A02453g,YALI1_A02974g
YALI0_A02541g,YALI1_A03069g
YALI0_A02915g,YALI1_A03322g
YALI0_A03135g,YALI1_A03512g
YALI0_A04675g,YALI1_A04817g
YALI0_A04983g,YALI1_A05116g
YALI0_A05379g,YALI1_A05459g
YALI0_A06655g,YALI1_A06361g
YALI0_A06787g,YALI1_A06453g
YALI0_A07579g,YALI1_A07103g
YALI0_A08041g,YALI1_A07575g
YALI0_A08668g,YALI1_A08512g
YALI0_A09427g,YALI1_A09121g
YALI0_A09636g,YALI1_A09408g
YALI0_A09856g,YALI1_A09694g
YALI0_A09900g,YALI1_A09766g
YALI0_A10032g,YALI1_A09911g
YALI0_A10076g,YALI1_A09939g
YALI0_A10310g,YALI1_A10254g
YALI0_A11143g,YALI1_A11258g
YALI0_A12045g,YALI1_A12284g
YALI0_A13387g,YALI1_A13454g
YALI0_A14157g,YALI1_A13994g
YALI0_A14212g,YALI1_A14024g
YALI0_A14498g,YALI1_A14287g
YALI0_A14784g,YALI1_A14721g
YALI0_A15125g,YALI1_A15132g
YALI0_A15147g,YALI1_A15227g
YALI0_A15972g,YALI1_A15925g
YALI0_A16379g,YALI1_A16292g
YALI0_A16863g,YALI1_A16988g
YALI0_A17468g,YALI1_A17570g
YALI0_A18062g,YALI1_A18344g
YALI0_A18183g,YALI1_A18514g
YALI0_A19074g,YALI1_A20063g
YALI0_A19096g,YALI1_A20089g
YALI0_A19206g,YALI1_A20176g
YALI0_A19558g,YALI1_A20528g
YALI0_A20108g,YALI1_A21156g
YALI0_A20295g,YALI1_A21311g
YALI0_A20922g,YALI1_A21970g
YALI0_A21153g,YALI1_A22129g
YALI0_A21263g,YALI1_A22228g
YALI0_A21307g,YALI1_A22275g
YALI0_A21417g,YALI1_A22440g
YALI0_B00220g,YALI1_B00214g
YALI0_B00396g,YALI1_B00357g
YALI0_B00572g,YALI1_B00578g
YALI0_B00726g,YALI1_B01084g
YALI0_B00836g,YALI1_B01428g
YALI0_B01364g,YALI1_B02345g
YALI0_B01540g,YALI1_B02487g
YALI0_B01672g,YALI1_B02637g
YALI0_B01826g,YALI1_B02806g
YALI0_B02222g,YALI1_B03314g
YALI0_B02376g,YALI1_B03719g
YALI0_B02728g,YALI1_B04138g
YALI0_B02852g,YALI1_B04309g
YALI0_B02948g,YALI1_B04433g
YALI0_B03344g,YALI1_B04831g
YALI0_B03564g,YALI1_B05024g
YALI0_B03982g,YALI1_B05364g
YALI0_B04202g,YALI1_B05609g
YALI0_B04312g,YALI1_B05798g
YALI0_B05126g,YALI1_B07094g
YALI0_B05368g,YALI1_B07366g
YALI0_B05918g,YALI1_B07957g
YALI0_B06006g,YALI1_B08123g
YALI0_B06831g,YALI1_B08885g
YALI0_B07227g,YALI1_B09299g
YALI0_B08052g,YALI1_B10525g
YALI0_B08140g,YALI1_B10635g
YALI0_B08184g,YALI1_B10813g
YALI0_B08536g,YALI1_B11532g
YALI0_B08943g,YALI1_B12010g
YALI0_B08965g,YALI1_B12042g
YALI0_B09537g,YALI1_B12781g
YALI0_B09625g,YALI1_B12966g
YALI0_B09647g,YALI1_B12993g
YALI0_B09845g,YALI1_B13179g
YALI0_B10340g,YALI1_B13948g
YALI0_B10736g,YALI1_B14382g
YALI0_B11044g,YALI1_B14733g
YALI0_B11154g,YALI1_B14826g
YALI0_B11286g,YALI1_B14978g
YALI0_B12078g,YALI1_B15928g
YALI0_B13398g,YALI1_B17838g
YALI0_B13420g,YALI1_B17871g
YALI0_B13464g,YALI1_B17927g
YALI0_B13552g,YALI1_B18012g
YALI0_B13970g,YALI1_B18499g
YALI0_B14399g,YALI1_B18955g
YALI0_B14465g,YALI1_B19021g
YALI0_B14509g,YALI1_B19079g
YALI0_B14729g,YALI1_B19348g
YALI0_B14839g,YALI1_B19490g
YALI0_B15059g,YALI1_B19844g
YALI0_B15125g,YALI1_B19932g
YALI0_B15304g,YALI1_B20153g
YALI0_B15444g,YALI1_B20289g
YALI0_B15598g,YALI1_B20462g
YALI0_B15664g,YALI1_B20527g
YALI0_B15884g,YALI1_B20835g
YALI0_B16038g,YALI1_B21004g
YALI0_B16104g,YALI1_B21070g
YALI0_B16126g,YALI1_B21088g
YALI0_B16324g,YALI1_B21313g
YALI0_B16522g,YALI1_B21538g
YALI0_B17204g,YALI1_B22375g
YALI0_B17336g,YALI1_B22549g
YALI0_B17402g,YALI1_B22614g
YALI0_B17644g,YALI1_B22820g
YALI0_B17666g,YALI1_B22853g
YALI0_B17864g,YALI1_B23153g
YALI0_B17930g,YALI1_B23237g
YALI0_B17996g,YALI1_B23300g
YALI0_B18348g,YALI1_B23834g
YALI0_B18759g,YALI1_B24424g
YALI0_B18898g,YALI1_B24638g
YALI0_B19338g,YALI1_B25360g
YALI0_B19382g,YALI1_B25427g
YALI0_B19492g,YALI1_B25553g
YALI0_B19800g,YALI1_B25906g
YALI0_B19998g,YALI1_B26112g
YALI0_B20020g,YALI1_B26153g
YALI0_B20196g,YALI1_B26350g
YALI0_B20438g,YALI1_B26749g
YALI0_B21142g,YALI1_B27564g
YALI0_B21428g,YALI1_B27874g
YALI0_B22066g,YALI1_B28659g
YALI0_B22682g,YALI1_B29562g
YALI0_B22902g,YALI1_B29867g
YALI0_B23188g,YALI1_B30090g
YALI0_B23298g,YALI1_B30181g
YALI0_C00209g,YALI1_C00230g
YALI0_C00253g,YALI1_C00293g
YALI0_C00451g,YALI1_C00550g
YALI0_C00759g,YALI1_C00999g
YALI0_C01111g,YALI1_C01520g
YALI0_C01716g,YALI1_C02391g
YALI0_C02431g,YALI1_C03415g
YALI0_C03003g,YALI1_C04067g
YALI0_C03025g,YALI1_C04093g
YALI0_C03179g,YALI1_C04265g
YALI0_C03223g,YALI1_C04302g
YALI0_C03674g,YALI1_C04882g
YALI0_C04180g,YALI1_C05570g
YALI0_C04433g,YALI1_C05908g
YALI0_C05258g,YALI1_C06681g
YALI0_C05467g,YALI1_C06951g
YALI0_C05753g,YALI1_C07423g
YALI0_C05951g,YALI1_C07638g
YALI0_C06083g,YALI1_C07816g
YALI0_C06281g,YALI1_C08173g
YALI0_C06303g,YALI1_C08197g
YALI0_C06369g,YALI1_C08262g
YALI0_C06446g,YALI1_C08548g
YALI0_C06490g,YALI1_C08702g
YALI0_C06732g,YALI1_C08983g
YALI0_C06776g,YALI1_C09033g
YALI0_C06952g,YALI1_C09308g
YALI0_C07128g,YALI1_C09467g
YALI0_C07414g,YALI1_C09773g
YALI0_C07678g,YALI1_C10232g
YALI0_C09119g,YALI1_C12619g
YALI0_C09889g,YALI1_C13768g
YALI0_C10780g,YALI1_C15180g
YALI0_C10901g,YALI1_C15297g
YALI0_C10989g,YALI1_C15420g
YALI0_C11363g,YALI1_C15945g
YALI0_C11407g,YALI1_C15991g
YALI0_C11880g,YALI1_C16621g
YALI0_C12749g,YALI1_C17932g
YALI0_C12771g,YALI1_C17947g
YALI0_C13090g,YALI1_C18258g
YALI0_C13354g,YALI1_C18590g
YALI0_C13508g,YALI1_C18771g
YALI0_C14036g,YALI1_C19814g
YALI0_C14190g,YALI1_C19943g
YALI0_C14498g,YALI1_C20198g
YALI0_C14520g,YALI1_C20224g
YALI0_C15224g,YALI1_C21487g
YALI0_C15554g,YALI1_C22186g
YALI0_C15807g,YALI1_C22751g
YALI0_C16434g,YALI1_C23511g
YALI0_C16885g,YALI1_C24124g
YALI0_C16995g,YALI1_C24367g
YALI0_C17237g,YALI1_C24567g
YALI0_C17831g,YALI1_C25029g
YALI0_C17941g,YALI1_C25093g
YALI0_C18205g,YALI1_C25352g
YALI0_C18425g,YALI1_C25598g
YALI0_C18535g,YALI1_C25782g
YALI0_C18755g,YALI1_C26017g
YALI0_C18799g,YALI1_C26036g
YALI0_C19195g,YALI1_C26544g
YALI0_C19624g,YALI1_C26939g
YALI0_C19712g,YALI1_C27061g
YALI0_C19965g,YALI1_C27933g
YALI0_C20251g,YALI1_C28263g
YALI0_C20405g,YALI1_C28479g
YALI0_C21065g,YALI1_C29104g
YALI0_C22165g,YALI1_C30514g
YALI0_C23034g,YALI1_C31830g
YALI0_C23210g,YALI1_C32031g
YALI0_C23342g,YALI1_C32156g
YALI0_C23408g,YALI1_C32276g
YALI0_C23793g,YALI1_C32810g
YALI0_C23969g,YALI1_C33005g
YALI0_C24354g,YALI1_C33406g
YALI0_D00495g,YALI1_D00515g
YALI0_D00583g,YALI1_D00581g
YALI0_D00605g,YALI1_D00614g
YALI0_D01089g,YALI1_D01188g
YALI0_D01265g,YALI1_D01431g
YALI0_D01309g,YALI1_D01489g
YALI0_D01694g,YALI1_D02000g
YALI0_D02497g,YALI1_D03047g
YALI0_D02629g,YALI1_D03221g
YALI0_D03069g,YALI1_D03865g
YALI0_D03135g,YALI1_D03952g
YALI0_D03480g,YALI1_D04432g
YALI0_D03619g,YALI1_D04566g
YALI0_D04202g,YALI1_D05270g
YALI0_D04246g,YALI1_D05320g
YALI0_D04378g,YALI1_D05440g
YALI0_D04741g,YALI1_D05873g
YALI0_D05621g,YALI1_D07232g
YALI0_D05797g,YALI1_D07451g
YALI0_D05929g,YALI1_D07576g
YALI0_D06303g,YALI1_D08082g
YALI0_D06325g,YALI1_D08125g
YALI0_D06501g,YALI1_D08339g
YALI0_D06930g,YALI1_D08884g
YALI0_D06974g,YALI1_D08946g
YALI0_D07062g,YALI1_D09034g
YALI0_D07370g,YALI1_D09420g
YALI0_D07392g,YALI1_D09453g
YALI0_D08514g,YALI1_D10930g
YALI0_D08778g,YALI1_D11256g
YALI0_D09229g,YALI1_D11686g
YALI0_D09273g,YALI1_D11769g
YALI0_D09361g,YALI1_D11984g
YALI0_D09867g,YALI1_D12493g
YALI0_D10131g,YALI1_D12832g
YALI0_D10593g,YALI1_D13238g
YALI0_D11110g,YALI1_D13963g
YALI0_D11176g,YALI1_D14058g
YALI0_D11374g,YALI1_D14260g
YALI0_D11616g,YALI1_D14453g
YALI0_D11704g,YALI1_D14532g
YALI0_D11814g,YALI1_D14639g
YALI0_D11836g,YALI1_D14670g
YALI0_D12386g,YALI1_D15398g
YALI0_D12584g,YALI1_D15734g
YALI0_D13596g,YALI1_D16809g
YALI0_D14322g,YALI1_D17482g
YALI0_D14476g,YALI1_D17620g
YALI0_D14762g,YALI1_D17983g
YALI0_D14894g,YALI1_D18130g
YALI0_D15268g,YALI1_D18577g
YALI0_D15400g,YALI1_D18845g
YALI0_D15422g,YALI1_D18890g
YALI0_D15598g,YALI1_D19108g
YALI0_D16269g,YALI1_D20061g
YALI0_D16357g,YALI1_D20222g
YALI0_D16753g,YALI1_D20676g
YALI0_D16797g,YALI1_D20706g
YALI0_D17050g,YALI1_D21022g
YALI0_D17072g,YALI1_D21023g
YALI0_D17402g,YALI1_D21408g
YALI0_D17490g,YALI1_D21476g
YALI0_D17534g,YALI1_D21511g
YALI0_D17556g,YALI1_D21543g
YALI0_D17688g,YALI1_D21631g
YALI0_D17842g,YALI1_D22083g
YALI0_D17864g,YALI1_D22124g
YALI0_D17930g,YALI1_D22237g
YALI0_D18271g,YALI1_D22834g
YALI0_D18337g,YALI1_D22906g
YALI0_D18403g,YALI1_D23067g
YALI0_D18458g,YALI1_D23128g
YALI0_D19140g,YALI1_D24249g
YALI0_D19206g,YALI1_D24361g
YALI0_D19426g,YALI1_D24649g
YALI0_D20262g,YALI1_D25664g
YALI0_D20878g,YALI1_D26496g
YALI0_D21530g,YALI1_D27148g
YALI0_D21604g,YALI1_D27274g
YALI0_D22022g,YALI1_D27826g
YALI0_D22264g,YALI1_D28087g
YALI0_D22484g,YALI1_D28569g
YALI0_D22847g,YALI1_D29419g
YALI0_D22891g,YALI1_D29481g
YALI0_D23331g,YALI1_D30196g
YALI0_D23397g,YALI1_D30256g
YALI0_D23639g,YALI1_D30570g
YALI0_D23683g,YALI1_D30618g
YALI0_D24409g,YALI1_D32209g
YALI0_D24750g,YALI1_D32754g
YALI0_D25168g,YALI1_D33380g
YALI0_D25234g,YALI1_D33465g
YALI0_D25476g,YALI1_D33780g
YALI0_D25564g,YALI1_D33889g
YALI0_D25630g,YALI1_D33961g
YALI0_D26147g,YALI1_D34529g
YALI0_D26367g,YALI1_D34865g
YALI0_D27016g,YALI1_D35593g
YALI0_D27126g,YALI1_D35735g
YALI0_D27170g,YALI1_D35787g
YALI0_E00242g,YALI1_E00574g
YALI0_E00264g,YALI1_E00588g
YALI0_E00418g,YALI1_E00760g
YALI0_E00528g,YALI1_E00907g
YALI0_E00638g,YALI1_E01019g
YALI0_E00836g,YALI1_E01235g
YALI0_E01254g,YALI1_E01793g
YALI0_E01892g,YALI1_E02413g
YALI0_E02090g,YALI1_E02616g
YALI0_E02244g,YALI1_E02832g
YALI0_E02288g,YALI1_E02885g
YALI0_E02310g,YALI1_E02906g
YALI0_E02684g,YALI1_E03300g
YALI0_E02728g,YALI1_E03387g
YALI0_E03058g,YALI1_E03623g
YALI0_E03146g,YALI1_E03762g
YALI0_E03806g,YALI1_E04590g
YALI0_E03960g,YALI1_E04744g
YALI0_E04048g,YALI1_E04823g
YALI0_E04224g,YALI1_E05103g
YALI0_E04763g,YALI1_E05701g
YALI0_E04807g,YALI1_E05731g
YALI0_E05005g,YALI1_E05907g
YALI0_E05027g,YALI1_E05929g
YALI0_E05137g,YALI1_E06015g
YALI0_E05203g,YALI1_E06056g
YALI0_E05665g,YALI1_E06664g
YALI0_E05753g,YALI1_E06759g
YALI0_E06061g,YALI1_E07347g
YALI0_E06193g,YALI1_E07506g
YALI0_E06457g,YALI1_E07676g
YALI0_E06479g,YALI1_E07744g
YALI0_E06567g,YALI1_E07899g
YALI0_E07205g,YALI1_E08575g
YALI0_E07271g,YALI1_E08620g
YALI0_E07535g,YALI1_E08937g
YALI0_E07744g,YALI1_E09241g
YALI0_E08360g,YALI1_E10210g
YALI0_E08617g,YALI1_E10492g
YALI0_E09108g,YALI1_E11255g
YALI0_E09306g,YALI1_E11510g
YALI0_E09603g,YALI1_E11943g
YALI0_E09933g,YALI1_E12482g
YALI0_E10144g,YALI1_E12730g
YALI0_E10219g,YALI1_E12893g
YALI0_E10637g,YALI1_E13514g
YALI0_E11355g,YALI1_E14125g
YALI0_E11385g,YALI1_E14153g
YALI0_E11495g,YALI1_E14316g
YALI0_E11671g,YALI1_E14505g
YALI0_E11913g,YALI1_E14709g
YALI0_E12089g,YALI1_E14925g
YALI0_E12441g,YALI1_E15432g
YALI0_E12463g,YALI1_E15452g
YALI0_E12628g,YALI1_E15606g
YALI0_E12683g,YALI1_E15659g
YALI0_E13123g,YALI1_E16068g
YALI0_E14322g,YALI1_E17355g
YALI0_E14443g,YALI1_E17431g
YALI0_E14685g,YALI1_E17616g
YALI0_E14751g,YALI1_E17754g
YALI0_E15180g,YALI1_E18242g
YALI0_E15224g,YALI1_E18269g
YALI0_E15730g,YALI1_E18961g
YALI0_E16016g,YALI1_E19172g
YALI0_E16060g,YALI1_E19263g
YALI0_E16192g,YALI1_E19360g
YALI0_E16346g,YALI1_E19557g
YALI0_E16434g,YALI1_E19647g
YALI0_E16478g,YALI1_E19682g
YALI0_E16709g,YALI1_E19902g
YALI0_E16753g,YALI1_E19958g
YALI0_E16797g,YALI1_E20049g
YALI0_E16907g,YALI1_E20159g
YALI0_E16929g,YALI1_E20192g
YALI0_E17347g,YALI1_E20626g
YALI0_E17479g,YALI1_E20751g
YALI0_E17633g,YALI1_E20885g
YALI0_E17787g,YALI1_E21128g
YALI0_E17919g,YALI1_E21230g
YALI0_E17963g,YALI1_E21312g
YALI0_E17985g,YALI1_E21345g
YALI0_E18029g,YALI1_E21406g
YALI0_E18282g,YALI1_E21983g
YALI0_E18568g,YALI1_E22238g
YALI0_E18634g,YALI1_E22303g
YALI0_E18898g,YALI1_E22633g
YALI0_E18942g,YALI1_E22718g
YALI0_E18964g,YALI1_E22736g
YALI0_E19448g,YALI1_E23292g
YALI0_E19723g,YALI1_E23635g
YALI0_E20361g,YALI1_E24149g
YALI0_E20977g,YALI1_E24922g
YALI0_E21021g,YALI1_E25018g
YALI0_E21197g,YALI1_E25290g
YALI0_E21351g,YALI1_E25443g
YALI0_E21934g,YALI1_E25932g
YALI0_E22649g,YALI1_E26811g
YALI0_E22957g,YALI1_E27113g
YALI0_E22979g,YALI1_E27144g
YALI0_E23859g,YALI1_E28300g
YALI0_E24013g,YALI1_E28575g
YALI0_E24057g,YALI1_E28631g
YALI0_E24167g,YALI1_E28779g
YALI0_E24607g,YALI1_E29319g
YALI0_E25069g,YALI1_E30014g
YALI0_E25091g,YALI1_E30028g
YALI0_E25652g,YALI1_E30400g
YALI0_E25740g,YALI1_E30496g
YALI0_E26004g,YALI1_E30886g
YALI0_E26719g,YALI0E26719g
YALI0_E26829g,YALI1_E31754g
YALI0_E27005g,YALI1_E31947g
YALI0_E27203g,YALI1_E32180g
YALI0_E27346g,YALI1_E32332g
YALI0_E27874g,YALI1_E32908g
YALI0_E28153g,YALI1_E33150g
YALI0_E28237g,YALI1_E33285g
YALI0_E28468g,YALI1_E33633g
YALI0_E28787g,YALI1_E34072g
YALI0_E28963g,YALI1_E34269g
YALI0_E29139g,YALI1_E34408g
YALI0_E29579g,YALI1_E35005g
YALI0_E29667g,YALI1_E35082g
YALI0_E29975g,YALI1_E35410g
YALI0_E30129g,YALI1_E35520g
YALI0_E30283g,YALI1_E35652g
YALI0_E30481g,YALI1_E35815g
YALI0_E30591g,YALI1_E35955g
YALI0_E30965g,YALI1_E36437g
YALI0_E31009g,YALI1_E36477g
YALI0_E31064g,YALI1_E36540g
YALI0_E31086g,YALI1_E36568g
YALI0_E31471g,YALI1_E37063g
YALI0_E31515g,YALI1_E37118g
YALI0_E32035g,YALI1_E37982g
YALI0_E32065g,YALI1_E38034g
YALI0_E32164g,YALI1_E38131g
YALI0_E32527g,YALI1_E38561g
YALI0_E32769g,YALI1_E38810g
YALI0_E32791g,YALI1_E38859g
YALI0_E32901g,YALI1_E39128g
YALI0_E33033g,YALI1_E39221g
YALI0_E33099g,YALI1_E39248g
YALI0_E33143g,YALI1_E39295g
YALI0_E33517g,YALI1_E39693g
YALI0_E33957g,YALI1_E40305g
YALI0_E34037g,YALI1_E40361g
YALI0_E34133g,YALI1_E40471g
YALI0_E34265g,YALI1_E40671g
YALI0_E34672g,YALI1_E41148g
YALI0_E34749g,YALI1_E41251g
YALI0_E35156g,YALI1_E41754g
YALI0_F00264g,YALI1_F00288g
YALI0_F00462g,YALI1_F00616g
YALI0_F00484g,YALI1_F00654g
YALI0_F01078g,YALI1_F01755g
YALI0_F01771g,YALI1_F02758g
YALI0_F02299g,YALI1_F03527g
YALI0_F02497g,YALI1_F03803g
YALI0_F02629g,YALI1_F03908g
YALI0_F02849g,YALI1_F04082g
YALI0_F02893g,YALI1_F04110g
YALI0_F03201g,YALI1_F04455g
YALI0_F03567g,YALI1_F05089g
YALI0_F03597g,YALI1_F05220g
YALI0_F04015g,YALI1_F06018g
YALI0_F04095g,YALI1_F06197g
YALI0_F04103g,YALI1_F06236g
YALI0_F04114g,YALI1_F06244g
YALI0_F04169g,YALI1_F06351g
YALI0_F05192g,YALI1_F07827g
YALI0_F05214g,YALI1_F07847g
YALI0_F05390g,YALI1_F08075g
YALI0_F05500g,YALI1_F08225g
YALI0_F05610g,YALI1_F08349g
YALI0_F05632g,YALI1_F08363g
YALI0_F05874g,YALI1_F08705g
YALI0_F06424g,YALI1_F09542g
YALI0_F06468g,YALI1_F09598g
YALI0_F06578g,YALI1_F09747g
YALI0_F06710g,YALI1_F09856g
YALI0_F06820g,YALI1_F10110g
YALI0_F06974g,YALI1_F10224g
YALI0_F07062g,YALI1_F10342g
YALI0_F07711g,YALI1_F11049g
YALI0_F08195g,YALI1_F11583g
YALI0_F08217g,YALI1_F11605g
YALI0_F08283g,YALI1_F11635g
YALI0_F08415g,YALI1_F11827g
YALI0_F08613g,YALI1_F12013g
YALI0_F08701g,YALI1_F12138g
YALI0_F09097g,YALI1_F12666g
YALI0_F09185g,YALI1_F12842g
YALI0_F09229g,YALI1_F12874g
YALI0_F09339g,YALI1_F12969g
YALI0_F09405g,YALI1_F13017g
YALI0_F09449g,YALI1_F13039g
YALI0_F09559g,YALI1_F13097g
YALI0_F09603g,YALI1_F13170g
YALI0_F09625g,YALI1_F13202g
YALI0_F09966g,YALI1_F13505g
YALI0_F10010g,YALI1_F13550g
YALI0_F10857g,YALI1_F14495g
YALI0_F10923g,YALI1_F14583g
YALI0_F11231g,YALI1_F14882g
YALI0_F11583g,YALI1_F15334g
YALI0_F11759g,YALI1_F15517g
YALI0_F11935g,YALI1_F15781g
YALI0_F12177g,YALI1_F16045g
YALI0_F12199g,YALI1_F16069g
YALI0_F12639g,YALI1_F16984g
YALI0_F12749g,YALI1_F17082g
YALI0_F12925g,YALI1_F17337g
YALI0_F13453g,YALI1_F17962g
YALI0_F13541g,YALI1_F18105g
YALI0_F14025g,YALI1_F18897g
YALI0_F14729g,YALI1_F19697g
YALI0_F15345g,YALI1_F20637g
YALI0_F15433g,YALI1_F20788g
YALI0_F15587g,YALI1_F20914g
YALI0_F15631g,YALI1_F20965g
YALI0_F16181g,YALI1_F21690g
YALI0_F16291g,YALI1_F21769g
YALI0_F16709g,YALI1_F22321g
YALI0_F16819g,YALI1_F22436g
YALI0_F16896g,YALI1_F22568g
YALI0_F17138g,YALI1_F22908g
YALI0_F17644g,YALI1_F23441g
YALI0_F17820g,YALI1_F23664g
YALI0_F18502g,YALI1_F24667g
YALI0_F19052g,YALI1_F25444g
YALI0_F19184g,YALI1_F25587g
YALI0_F19448g,YALI1_F25908g
YALI0_F19470g,YALI1_F25924g
YALI0_F19514g,YALI1_F25951g
YALI0_F19866g,YALI1_F26427g
YALI0_F20218g,YALI1_F26873g
YALI0_F20262g,YALI1_F26924g
YALI0_F20306g,YALI1_F26967g
YALI0_F20328g,YALI1_F27002g
YALI0_F20504g,YALI1_F27211g
YALI0_F20570g,YALI1_F27343g
YALI0_F20702g,YALI1_F27556g
YALI0_F20790g,YALI1_F27686g
YALI0_F21010g,YALI1_F27904g
YALI0_F21197g,YALI1_F28064g
YALI0_F21219g,YALI1_F28092g
YALI0_F21527g,YALI1_F28485g
YALI0_F22517g,YALI1_F29751g
YALI0_F22781g,YALI1_F29987g
YALI0_F22825g,YALI1_F30034g
YALI0_F23243g,YALI1_F30479g
YALI0_F23441g,YALI1_F30703g
YALI0_F23463g,YALI1_F30754g
YALI0_F23727g,YALI1_F31135g
YALI0_F23837g,YALI1_F31283g
YALI0_F23903g,YALI1_F31381g
YALI0_F23947g,YALI1_F31405g
YALI0_F24475g,YALI1_F31854g
YALI0_F24893g,YALI1_F32232g
YALI0_F24937g,YALI1_F32287g
YALI0_F25047g,YALI1_F32363g
YALI0_F25135g,YALI1_F32476g
YALI0_F25641g,YALI1_F32969g
YALI0_F25795g,YALI1_F33189g
YALI0_F25817g,YALI1_F33246g
YALI0_F26323g,YALI1_F33754g
YALI0_F26433g,YALI1_F33819g
YALI0_F26455g,YALI1_F33861g
YALI0_F26521g,YALI1_F33951g
YALI0_F26609g,YALI1_F34051g
YALI0_F26785g,YALI1_F34187g
YALI0_F27247g,YALI1_F34625g
YALI0_F27313g,YALI1_F34675g
YALI0_F27665g,YALI1_F35109g
YALI0_F27885g,YALI1_F35542g
YALI0_F29843g,YALI1_F37354g
YALI0_F29975g,YALI1_F37498g
YALI0_F30019g,YALI1_F37559g
YALI0_F30063g,YALI1_F37658g
YALI0_F30129g,YALI1_F37714g
YALI0_F30349g,YALI1_F37916g
YALI0_F30481g,YALI1_F38116g
YALI0_F30569g,YALI1_F38220g
YALI0_F30679g,YALI1_F38317g
YALI0_F30811g,YALI1_F38466g
YALI0_F30833g,YALI1_F38476g
YALI0_F30987g,YALI1_F38629g
YALI0_F31075g,YALI1_F38776g
YALI0_F31273g,YALI1_F38986g
YALI0_F31735g,YALI1_F39330g
YALI0_F31999g,YALI1_F39620g
YALI0_A06589g,YALI1_A06229g
YALI0_A09042g,YALI1_A08781g
YALI0_A10659g,YALI1_A10708g
YALI0_A12353g,YALI1_A12540g
YALI0_A15576g,YALI1_A15624g
YALI0_A15906g,YALI1_A15863g
YALI0_A15950g,YALI1_A15879g
YALI0_B00704g,YALI1_B01136g
YALI0_B02178g,YALI1_B03198g
YALI0_B03630g,YALI1_B05072g
YALI0_B04180g,YALI1_B05571g
YALI0_B06941g,YALI1_B09025g
YALI0_B07117g,YALI1_B09211g
YALI0_B07447g,YALI1_B09592g
YALI0_B07667g,YALI1_B10130g
YALI0_B11330g,YALI1_B15015g
YALI0_B14619g,YALI1_B19217g
YALI0_B19976g,YALI1_B26033g
YALI0_B21780g,YALI1_B28394g
YALI0_B22308g,YALI1_B29133g
YALI0_B22506g,YALI1_B29419g
YALI0_C00627g,YALI1_C00826g
YALI0_C01411g,YALI1_C01944g
YALI0_C05170g,YALI1_C06626g
YALI0_C06996g,YALI1_C09380g
YALI0_C08074g,YALI1_C10762g
YALI0_C09636g,YALI1_C13355g
YALI0_C11803g,YALI1_C16485g
YALI0_C13574g,YALI1_C18872g
YALI0_C14344g,YALI1_C20054g
YALI0_C15488g,YALI1_C21946g
YALI0_C16907g,YALI1_C24165g
YALI0_C17281g,YALI1_C24611g
YALI0_C17303g,YALI1_C24647g
YALI0_C19085g,YALI1_C26276g
YALI0_C21406g,YALI1_C29538g
YALI0_C23298g,YALI1_C32119g
YALI0_C23617g,YALI1_C32609g
YALI0_C24101g,YALI1_C33152g
YALI0_D03179g,YALI1_D04055g
YALI0_D03333g,YALI1_D04261g
YALI0_D04092g,YALI1_D05111g
YALI0_D04422g,YALI1_D05474g
YALI0_D05819g,YALI1_D07486g
YALI0_D05995g,YALI1_D07665g
YALI0_D06413g,YALI1_D08205g
YALI0_D07634g,YALI1_D09870g
YALI0_D07942g,YALI1_D10197g
YALI0_D08228g,YALI1_D10535g
YALI0_D08382g,YALI1_D10768g
YALI0_D12400g,YALI1_D15424g
YALI0_D13112g,YALI1_D16290g
YALI0_D13970g,YALI1_D17299g
YALI0_D16643g,YALI1_D20473g
YALI0_D20108g,YALI1_D25400g
YALI0_D20768g,YALI1_D26360g
YALI0_D24607g,YALI1_D32568g
YALI0_D25938g,YALI1_D34288g
YALI0_E01056g,YALI1_E01589g
YALI0_E02156g,YALI1_E02678g
YALI0_E04939g,YALI1_E05833g
YALI0_E06413g,YALI1_E07601g
YALI0_E07073g,YALI1_E08382g
YALI0_E07766g,YALI1_E09329g
YALI0_E09493g,YALI1_E11768g
YALI0_E10307g,YALI1_E12987g
YALI0_E10417g,YALI1_E13223g
YALI0_E11099g,YALI1_E13899g
YALI0_E12837g,YALI1_E15804g
YALI0_E13057g,YALI1_E16002g
YALI0_E14102g,YALI1_E17162g
YALI0_E14190g,YALI1_E17214g
YALI0_E14234g,YALI1_E17258g
YALI0_E14256g,YALI1_E17326g
YALI0_E14597g,YALI1_E17574g
YALI0_E14949g,YALI1_E17935g
YALI0_E15378g,YALI1_E18441g
YALI0_E15488g,YALI1_E18539g
YALI0_E15708g,YALI1_E18927g
YALI0_E15840g,YALI1_E19036g
YALI0_E16368g,YALI1_E19603g
YALI0_E16643g,YALI1_E19852g
YALI0_E18238g,YALI1_E21915g
YALI0_E18348g,YALI1_E22041g
YALI0_E20691g,YALI1_E24532g
YALI0_E20713g,YALI1_E24567g
YALI0_E21307g,YALI1_E25400g
YALI0_E22198g,YALI1_E26181g
YALI0_E23991g,YALI1_E28545g
YALI0_E24497g,YALI1_E29179g
YALI0_E27291g,YALI1_E32315g
YALI0_E29161g,YALI1_E34425g
YALI0_E32351g,YALI1_E38308g
YALI0_E33495g,YALI1_E39676g
YALI0_F00396g,YALI1_F00472g
YALI0_F00506g,YALI1_F00821g
YALI0_F01210g,YALI1_F01981g
YALI0_F03179g,YALI1_F04433g
YALI0_F04378g,YALI1_F06787g
YALI0_F04444g,YALI1_F06858g
YALI0_F05962g,YALI1_F08845g
YALI0_F06842g,YALI1_F10122g
YALI0_F09273g,YALI1_F12917g
YALI0_F11297g,YALI1_F14958g
YALI0_F12089g,YALI1_F15961g
YALI0_F13145g,YALI1_F17569g
YALI0_F13937g,YALI1_F18740g
YALI0_F14223g,YALI1_F19090g
YALI0_F15983g,YALI1_F21467g
YALI0_F16225g,YALI1_F21728g
YALI0_F16423g,YALI1_F21908g
YALI0_F18216g,YALI1_F24171g
YALI0_F18590g,YALI1_F24773g
YALI0_F19712g,YALI1_F26167g
YALI0_F21791g,YALI1_F28833g
YALI0_F23221g,YALI1_F30459g
YALI0_F23573g,YALI1_F30903g
YALI0_F26191g,YALI1_F33681g
YALI0_F28655g,YALI1_F36415g
YALI0_F28765g,YALI1_F36584g
YALI0_F29337g,YALI1_F36966g
YALI0_F30745g,YALI1_F38386g
YALI0_E03212g,YALI1_E03870g
NP_075432,NP_075432
NP_075433,NP_075433
NP_075437,NP_075437
YALI0_F04774g,YALI1_F07384g
NP_075434,NP_075434
NP_075438,NP_075438
YALI0_D18568g,YALI1_D23237g
NP_075443,NP_075443
YALI0_A14806g,YALI1_A14736g
YALI0_C12210g,YALI1_C17100g
YALI0_F24673g,YALI1_F32010g
YALI0_F08723g,YALI1_F12176g
YALI0_E31647g,YALI1_E37392g
YALI0_F01496g,YALI1_F02309g
YALI0_E17391g,YALI1_E20666g
YALI0_D14850g,YALI1_D18037g
YALI0_D24629g,YALI1_D32594g
YALI0_B14531g,YALI1_B19107g
YALI0_E33774g,YALI1_E40076g
YALI0_B01771g,YALI1_B02733g
YALI0_D08206g,YALI1_D10495g
YALI0_D16379g,YALI1_D20257g
YALI0_E22462g,YALI1_E26513g
YALI0_F02937g,YALI1_F04157g
YALI0_A01111g,YALI1_A01577g
YALI0_A06974g,YALI1_A06640g
YALI0_B01848g,YALI1_B02833g
YALI0_B02544g,YALI1_B03910g
YALI0_B10406g,YALI1_B14044g
YALI0_B13816g,YALI1_B18311g
YALI0_B14014g,YALI1_B18572g
YALI0_B21846g,YALI1_B28454g
YALI0_B22550g,YALI1_B29483g
YALI0_C04092g,YALI1_C05386g
YALI0_C08811g,YALI1_C12024g
YALI0_C20265g,YALI1_C28310g
YALI0_D02167g,YALI1_D02444g
YALI0_D08690g,YALI1_D11159g
YALI0_D12573g,YALI0D12573g
YALI0_D23815g,YALI1_D30899g
YALI0_E07787g,YALI0E07787g
YALI0_E15818g,YALI1_E19014g
YALI0_E25982g,YALI1_E30815g
YALI0_F01320g,YALI1_F02132g
YALI0_F05038g,YALI1_F07630g
YALI0_F09251g,YALI1_F12895g
YALI0_F22605g,YALI1_F29836g
YALI0_F23749g,YALI1_F31153g
YALI0_B14289g,YALI1_B18845g
YALI0_B16214g,YALI1_B21155g
YALI0_B19360g,YALI1_B25395g
YALI0_B22924g,YALI1_B29883g
YALI0_C16753g,YALI1_C23902g
YALI0_C20669g,YALI1_C28621g
YALI0_D18381g,YALI1_D22997g
YALI0_E02398g,YALI1_E03039g
YALI0_E20163g,YALI1_E23988g
YALI0_E20207g,YALI1_E24028g
YALI0_F01672g,YALI1_F02592g
YALI0_F26587g,YALI1_F34029g
YALI0_A08217g,YALI1_A07887g
YALI0_A20350g,YALI1_A21372g
YALI0_B09361g,YALI1_B12489g
YALI0_B16192g,YALI1_B21134g
YALI0_C19866g,YALI1_C27229g
YALI0_C22088g,YALI1_C30440g
YALI0_D02321g,YALI1_D02781g
YALI0_D19184g,YALI1_D24333g
YALI0_D24431g,YALI1_D32268g
YALI0_E34793g,YALI1_E41315g
YALI0_F07821g,YALI1_F11199g
YALI0_F26125g,YALI1_F33579g
YALI0_C23859g,YALI1_C32886g
YALI0_D27654g,YALI0D27654g
YALI0_E27654g,YALI1_E32603g
YALI0_E32835g,YALI1_E38912g
YALI0_D06281g,YALI1_D08050g
YALI0_A20988g,YALI1_A22023g
YALI0_D06798g,YALI1_D08734g
YALI0_E05049g,YALI1_E05963g
YALI0_D18920g,YALI1_D23995g
YALI0_D20152g,YALI1_D25450g
YALI0_E26741g,YALI0E26741g
YALI0_C00407g,YALI1_C00464g
YALI0_A08734g,YALI1_A08546g
YALI0_A16698g,YALI1_A16642g
YALI0_B12980g,YALI1_B17155g
YALI0_B14927g,YALI1_B19576g
YALI0_B17688g,YALI1_B22883g
YALI0_B23430g,YALI1_B30275g
YALI0_C02783g,YALI1_C03848g
YALI0_C05709g,YALI1_C07360g
YALI0_C06930g,YALI1_C09285g
YALI0_C08569g,YALI1_C11773g
YALI0_C20427g,YALI1_C28497g
YALI0_C22616g,YALI1_C31122g
YALI0_D10043g,YALI1_D12723g
YALI0_D12100g,YALI1_D15030g
YALI0_D19756g,YALI1_D25037g
YALI0_D25828g,YALI1_D34149g
YALI0_E07161g,YALI1_E08530g
YALI0_E14729g,YALI1_E17699g
YALI0_E18139g,YALI1_E21552g
YALI0_E18590g,YALI1_E22262g
YALI0_E20273g,YALI1_E24113g
YALI0_E20471g,YALI1_E24318g
YALI0_E27247g,YALI1_E32241g
YALI0_E32736g,YALI1_E38749g
YALI0_F05984g,YALI1_F08885g
YALI0_F11649g,YALI1_F15403g
YALI0_F17996g,YALI1_F23922g
YALI0_F19536g,YALI1_F25984g
YALI0_F20900g,YALI1_F27761g
YALI0_F21109g,YALI1_F27989g
YALI0_F22121g,YALI1_F29301g
YALI0_F28193g,YALI1_F35868g
YALI0_F28369g,YALI1_F36094g
YALIUNK1,YALIUNK1
